#{"t_start": 1635232410.989394, "env_id": "PathColav3d-v0"}
r,l,t
-21.741235,901,9.580816
-5793.7759,560,14.656766
-93.843606,901,23.080995
-8111.08073,741,30.269625
-15255.874322,901,38.188576
-4427.75468,775,46.53604
-8431.195827,603,52.455802
-57.902325,901,61.076687
-24144.920957,901,71.449739
-5944.993562,901,78.01377
-32589.812402,817,87.437558
-6343.742145,901,95.767087
-6405.652015,901,104.840484
-57540.32108,888,114.078287
-6758.820599,805,121.348321
-3831.519835,901,127.45074
-6323.056465,498,133.610094
-4326.89033,901,147.727646
-2044.827975,719,155.291859
-8446.647338,901,163.624206
-129.677686,333,168.34947
-4177.086696,901,177.369522
-5139.951578,901,184.679278
-4075.959327,901,192.970383
-4084.656683,536,198.953045
-7561.5428,432,203.250362
-195.761978,901,213.245114
-3981.138737,901,223.71477
-3944.674706,733,235.299962
-1595.081513,316,239.345139
-16645.198146,605,246.943045
-214-6421.990599,901,251.2528-4368-4114.922972,885,261.4692-7976-8538.423097,901,271.1842-1021-318.65612,320,273.650435-6010.362953,901,282.212817
-3813.58612,901,290.297507
-3934.314528,901,300.508273
-1972.233171,901,310.311183
-4063.906296,467,316.598929
-4333.60189,901,327.287201
-6114.965941,901,333.942914
-5750.474285,756,340.121213
-14652.60683,901,350.026111
-4439.77619,901,358.930465
-6431.09985,694,367.668612
-456.20546,901,375.026247
-3884.795807,901,383.34933
-9167.531557,686,392.678923
-3938.648563,505,397.45739
-4143.22108,901,406.763544
-5234.141173,901,416.748147
-3810.346374,901,426.475354
-432.836524,395,430.60538
-3950.108206,655,437.693922
-4566.856991,897,446.246488
-24.007613,901,454.458411
-9205.372056,599,462.225507
-5357.064837,901,473.69151
-7723.629304,901,487.023444
-31.610934,901,493.494713
-4114.101382,901,500.941708
-8266.518286,901,509.445841
-136325.624831,901,517.88334
-2167.15722,901,527.284903
-55055.03254,901,537.54419
-100436.50162,901,545.860986
-7165.166603,901,554.035267
-5030.553412,540,560.876631
-122550.402264,901,570.317662
-621320.263678,901,579.182767
-286326.342011,901,589.382075
-2055.593042,324,592.964372
-4132.94644,495,598.846566
-6497.25405,901,610.750824
-8097.561617,901,619.198969
-5472.72927,901,629.908579
-9055.734208,751,637.562525
-39338.755322,739,645.137371
-217.04638,901,653.25968
-894637.560094,901,661.142092
-4655.210826,586,666.857022
-4513.634564,806,675.053449
-5867.714199,428,678.334458
-7760.519659,901,688.391836
-6494.590248,595,694.129124
-3926.330885,901,704.552322
-114175.979963,901,712.623672
-69685.47999,901,721.634885
-34876.161631,901,727.793873
-7832.543574,901,739.288877
-7064.576854,901,747.866692
-12049.303319,901,755.455442
-324228.628296,901,765.752789
-958712.82204,901,783.601669
-272523.108968,901,795.053074
-2659.108578,606,802.481021
-67450.319091,901,812.441445
-21490.32716,901,823.807828
-110569.941129,901,834.569635
-20575.350285,901,843.081374
-8698.844013,901,852.316874
-36764.444888,901,859.795021
-52748.336435,901,867.83336
-284412.296959,901,875.979367
-532821.99839,901,886.930175
-94312.607553,901,896.292397
-612456.788997,901,903.444253
-13109.424437,672,909.962126
-104746.731674,901,918.509181
-242201.466856,901,929.519572
-351731.583667,901,938.018655
-19467.308069,901,946.156059
-291518.920792,901,953.273764
-217580.511567,901,961.362528
-146251.01047,901,967.654191
-92973.839451,901,972.800566
-335389.616882,901,980.477492
-44462.115892,901,991.024727
-36.753398,901,997.118248
-176824.434871,901,1004.40872
-462757.704433,901,1010.914255
-239740.521095,901,1019.224049
-239016.9173,901,1025.93451
-1245497.152986,901,1032.554167
-35.441571,901,1037.268333
-581117.955391,901,1044.992606
-1734824.003865,901,1053.250534
-22116.873574,901,1060.995921
-38431.890584,901,1069.252945
-1468787.200496,901,1076.617264
-89202.77603,901,1083.86805
-87238.719651,901,1093.287055
-31.880634,901,1098.406263
-604225.397476,901,1107.209491
-90.62581,901,1113.423756
-2304316.15636,901,1121.444932
-32.372796,901,1131.334985
-37950.580268,901,1140.832241
-2361235.931125,901,1149.099048
-31.574158,901,1156.209195
-509.439397,901,1162.925475
-156276.660864,901,1171.377376
-33049.990378,901,1178.852072
-25.114283,901,1185.218599
-36.702926,901,1191.872878
-1622553.309459,901,1198.641961
-15901.216567,813,1210.029813
-311708.118702,901,1218.663441
-34.624856,901,1226.743185
-225775.857594,901,1233.304472
-276013.734408,901,1241.48569
-1306670.112918,901,1249.12098
-224700.085153,901,1261.074234--662.067471,610,1267.535374
-2214787.284372,901,1273.747815-38-837394.073921,901,1283.1233-3248-1415325.509381,901,1290.-460729.6-1981.532428,250,1292.58-83490.-1255971.528865,901,1303.-513.7920-544167.94967,901,131-169960.053-300.215309,369,1314.6-295487.-54.46501,901,1321.50526-1-1459740.142215,901,1328.045-71082-1687694.915284,901,1336.50-201604-617000.070569,901,1347.01-1521448.91865,901,1352.513491
-673455.97564,901,1360.070389
-1234528.895503,901,1367.852916
-708617.582623,901,1375.848027
-6319.213003,901,1384.7148
-1542534.640439,901,1392.27323
-189301.533131,901,1402.199035
-1538.837275,901,1409.083668
-1798690.381916,901,1416.795419
-1095216.626346,901,1424.863183
-958267.48926,901,1431.050385
-2018161.513276,901,1439.795152
-2618.724875,901,1450.471918
-2163209.856836,901,1460.359637
-1269862.909906,901,1468.992274
-903.383337,684,1477.172396
-1166774.236467,901,1485.173795
-868-386474.461768,901,1488.-1278120.-1234785.995815,901,1495.-167524.6-125593.936909,901,1502-6435.9502-383654.487872,901,15-58445.3298-7545.648866,901,1521-1236014.8-180414.967385,901,1529-2453445.3-2278.47473,430,1533.062-11768-962836.454165,901,1540.2064-2078-2587827.507516,901,1548.531-77811-877392.339904,901,1555.785-12529-692567.745699,901,1564.084-21771-417040.48966,901,1572.702-4156-699921.617562,901,1580.-1078674.-1128826.005122,901,1587-7172.2855-5801.81736,901,1594.-1186620.-70546.797716,901,1603.36-216971-452313.457244,901,1611.-266029.037039,901,1617.971298
-12375.955886,556,1623.400645
-4396.373537,901,1632.406991
-4015.212299,901,1640.319194
-1129083.603201,901,1647.368957
-724.44217,6-1530630.564508,9-1739108.690234,9-694880.897383,9-400.804996,654,1-571.137599,9-838847.457939,90-781885.42811,90-2831.820836,901,1683.065661
-494998.871341,901,1691.589499
-23380.303627,901,1700.36077
-1007723.816189,901,1708.149234
-261.730451,234,1709.897635
-1411003.519382,901,1717.480864
-5271.93590-926578.26953,901,17-1021343.067-701769.796474,901,173-9086.93466-1096614.382211,901,1743.028448
-491043.362276,901,1751.873386
-3204.745328,90-1682221.789784,-747380.899622,901,1765.4382
-331606.295758,85-77115.75797,901-1182869.231949,901,1785.627549
-85496.08455,901,1797.244129
-137140.748403,901,1809.390815
-2939022.892355,901,1818.045061
-105300.93395,901,1826.989906
-30390.915972,901,1837.402552
-630056.188761,901,1845.386841
-815388.540422,901,1855.333401
-16097.069628,901,1866.329296
-362178.578926,901,1876.012205
-2653531.352209,901,1884.562858
-28.980144,901,1893.495136
-493359.938963,901,1903.663298
-315830.671657,901,1911.450512
-367787.746667,901,1919.506114
-3735088.931425,901,1926.601606
-6037.498025,901,1933.835374
-8216.531417,901,1943.33098
-552321.461532,901,1953.670126
-2699.01103,901,1961.662574
-375803.444109,901,1970.690295
-297552.467981,901,1978.699567
-292.555533,286,1980.7277
-163995.486818,901,1989.650215
-1214705.61609,901,1996.876343
-220081.328281,901,2005.405944
-2383962.999579,901,2013.18508
-114134.582023,901,2021.416065
-39721.817831,780,2031.140733
-1771221.570525,901,2039.342881
-1581084.50116,901,2048.305838
-139474.325733,901,2058.590793
-94744.090046,901,2067.57404
-450512.409503,901,2076.538492
-12898.180632,901,2083.039687
-250.449462,901,2089.679645
-4871.918496,673,2096.760102
-24.691039,901,2105.702534
-22965.150544,901,2114.213719
-48623.063058,805,2122.078133
-573.571924,442,2128.735323
-31591.359313,901,2138.133101
-25.111316,901,2146.089262
-821359.525453,901,2154.131461
-1311.98765,901,2160.04403
-232.054842,323,2163.187221
-952936.732164,901,2171.643878
-1962.727055,901,2177.588272
-384636.496972,901,2191.239224
-638518.463013,901,2199.676403
-397505.262323,901,2207.388307
-1489.986185,389,2211.73842
-45044.740198,901,2219.667161
-1528918.684887,901,2226.480901
-1487300.730436,901,2235.917165
-3846.206581,548,2241.186239
-770.643334,901,2251.371274
-209505.534785,901,2260.297354
-2467.162612,387,2264.255056
-1271410.835572,901,2271.28717
-3769.860387,901,2279.563001
-813469.278795,901,2286.384251
-48601.496274,901,2295.73815
-903.283879,382,2300.947616
-13347.197402,738,2308.448844
-1560545.012539,901,2317.992551
-783973.066203,901,2326.478402
-9142.239739,901,2334.643708
-27377.066101,901,2342.964328
-948654.937372,901,2350.853344
-2754.391379,901,2360.144059
-513939.439735,901,2368.463106
-502663.248068,901,2375.940297
-116610.326711,901,2386.625092
-154558.135405,901,2394.24414
-37267.675815,901,2405.660878
-10591.202147,901,2418.620298
-82130.630423,901,2428.075754
-68695.013252,901,2441.08705
-1265.922042,428,2446.560407
-1525118.071977,901,2457.683487
-854467.401674,901,2467.227521
-45713.757867,901,2478.744087
-4970.6598,901,2487.713855
-173893.815106,901,2500.0513
-1115642.072734,901,2509.653733
-9456.202443,901,2519.457764
-107287.234855,901,2531.473583
-152499.865172,901,2542.102266
-612.717296,332,2545.645344
-74762.214712,901,2557.329727
-417324.685933,901,2567.809071
-34.213087,901,2579.916078
-896.736311,316,2582.707476
-145.731186,901,2590.123108
-3118780.723851,901,2596.605758
-831018.705038,901,2608.15506
-98.756614,901,2618.191374
-159069.101931,901,2626.209098
-1846644.157417,901,2634.358582
-519535.806111,901,2640.858615
-170860.895819,901,2648.623594
-1762842.856494,901,2657.292976
-195.56086,901,2665.62671
-9111.845432,901,2675.959433
-421.606556,901,2685.109214
-2607214.369794,901,2694.244148
-41.119727,901,2705.000521
-1377012.343503,901,2714.019486
-18.346993,901,2726.350285
-1527.032643,901,2734.299596
-1434388.152782,901,2742.355376
-6074.835866,678,2749.63737
-688.266278,901,2757.046686
-27.030601,901,2765.763306
-483.825065,337,2767.898366
-123936.376402,901,2774.178487
-46.548719,901,2782.980939
-8064.336098,570,2788.782614
-22.134427,901,2797.498712
-48.820227,901,2805.366238
-15926.934466,901,2815.931936
-742282.901431,901,2824.448409
-19776.644353,901,2835.507152
-1021.745117,901,2842.477353
-25977.393396,901,2852.016167
-61221.902445,901,2858.78838
-38374.347053,901,2868.249237
-110.285199,901,2874.694384
-936.26-29.390474,901,2881.91-117636-92.123785,901,2889.00959-3-24.154351,901,2897.006353-6-188100.784394,901,2905.28-2101.2-712.007848,398,2908.937-17586-68857.721273,901,2918.9471-9907-68265.455241,901,2927.5464-1504-105433.989409,901,2934.1-49610.1-61509.294497,901,2943.3-25.4213-10159.333091,901,295-850.640398-102620.896551,901,-17251.339356,-47630.893706,901,-68053.145628,-60958.79502,901,2-1942.924366,-4741.972575,464,2-19725.838482-127756.483026,901,-930.428023,87-3395.068845,673-40371.293088,9-440799.195525,90-7013.107023,901-87801.950791,9-3914.723979,802,-793985.093192-3547.991173,820,30-738.288554,-105721.762839,901-432.912418,901-42.071759,901-21.562395,901,-30.279775,901-8576.552305,90-1999.172797,901,3060.559582
-334.613202,901,3066.92633
-26251.086753,901,3076.811222
-523965.253399,901,3086.065194
-1300.847321,595,3090.555428
-1226852.669817,901,3101.532487
-44615.891954,901,3112.946643
-206.371877,901,3119.16532
-27.153098,901,3127.656368
-27257.006739,901,3136.986207
-552.3-40.886495,901,3141.6411-51.767898,901,3149.511279
-3535.665115,901,3155.135374
-43699.583376,901,3169.006668
-796.838767,901,3176.240797
-97609.913966,901,3184.307384
-74.432367,901,3191.596849
-213017.565987,901,3201.747954
-7617.839673,901,3209.37993
-29.406639,901,3218.206788
-29.181323,901,3227.07129
-134.955946,901,3234.833357
-10008.644423,901,3243.826737
-5815.383332,901,3258.183838
-1367.124141,727,3265.034038
-237545.924891,901,3276.420939
-3051.615773,901,3283.360655
-1338.960921,809,3292.357293
-3836.234197,901,3302.960653
-60618.967788,901,3310.343381
-4140.875045,901,3320.072351
-663.691789,901,3326.813937
-406654.248218,901,3333.524805
-10266.571633,901,3342.10654
-569208.329598,901,3349.94542
-57.10179,901,3357.894054
-703.838979,901,3364.303684
-945.415572,449,3368.043519
-32694.207205,901,3375.874018
-684686.501449,901,3382.943808
-872929.736533,901,3391.276397
-810574.032093,901,3398.612123
-651165.187384,901,3406.248391
-107102.33919,901,3416.619837
-140114.168018,901,3426.592005
-3967.57853,901,3435.850954
-2334.151093,901,3442.721696
-707.088305,464,3446.116233
-2906.787944,730,3451.79487
-102.2565,901,3460.819041
-6251.65337,901,3468.366575
-11379.606554,901,3475.180905
-755.415487,602,3480.41733
-11692.835702,901,3489.152937
-7686.830574,901,3500.484438
-37243.720835,901,3511.855399
-9814.080559,901,3523.147893
-12211.389263,901,3533.567026
-17763.89371,901,3547.363514
-12275.865623,713,3559.243452
-13258.359008,901,3568.423907
-26442.244727,901,3581.09599
-469.557669,345,3586.31353
-26591.653694,901,3598.78148
-31.570087,901,3606.398012
-5864.079467,901,3615.823436
-156370.419759,901,3625.631911
-26556.84468,901,3636.479414
-48973.23186,901,3646.803016
-7748.580137,901,3662.930271
-4893.519638,551,3670.020089
-110.561318,901,3685.497655
-67877.324299,901,3695.146231
-119110.871273,901,3701.842475
-72434.307244,901,3712.696127
-4088.063252,508,3718.288275
-129386.79339,901,3725.225519
-107621.045664,901,3734.497518
-28675.229377,901,3746.688453
-2510.592466,569,3752.293528
-1915.054451,887,3759.30512
-39.498057,901,3765.763214
-335243.872896,901,3773.827515
-396929.734912,901,3781.770026
-32.964351,901,3789.444439
-13243.901469,901,3796.14038
-132256.847896,901,3808.086198
-48.504694,901,3817.742375
-23.426316,901,3825.756292
-1899.846021,879,3832.09815
-22.469757,901,3837.590453
-92592.853685,901,3846.544162
-29385.940019,901,3856.762494
-187066.138441,901,3865.224424
-18.282211,901,3872.127202
-27.379208,901,3879.941109
-1945.833611,901,3885.788926
-22.954522,901,3893.049296
-2847.897617,901,3899.025193
-33.450531,901,3908.363944
-24.504914,901,3916.831302
-45.794311,901,3924.338355
-156163.352618,901,3937.419523
-4428.44197,901,3947.209496
-6236.982462,901,3957.822542
-51.659684,901,3963.729288
-35.04642,901,3970.564098
-32.219243,901,3976.160721
-836.450269,737,3981.681225
-44.953111,901,3991.821153
-29.781145,901,3997.296128
-3837.173391,901,4009.803562
-37.930583,901,4017.329292
-217.798766,901,4024.341485
-33.466416,901,4033.591226
-548.77135,336,4036.50211
-93.331765,901,4043.072328
-31.90942,901,4051.572224
-53.848771,901,4058.834008
-4450.972788,901,4067.866558
-89.371502,901,4073.58703
-3985.323464,901,4081.851532
-62.141683,901,4087.562117
-43.487263,901,4095.204084
-101.691214,901,4100.736654
-66.245638,901,4107.922678
-38.934959,901,4115.946045
-2994.912997,741,4122.169468
-2205.287646,901,4131.667233
-102.721581,901,4138.292876
-45.05686,901,4143.945188
-48.35135,901,4149.380221
-49.921115,901,4155.550984
-184.660347,901,4162.45443
-50.707756,901,4168.36852
-39.634608,901,4175.532392
-56.362077,901,4180.882454
-87.233849,901,4186.537399
-1468.157224,473,4190.066438
-565.934641,374,4192.099637
-37.750088,901,4197.832151
-33.874184,901,4203.22364
-806.162231,901,4209.572908
-2121.146986,377,4211.815766
-39.799518,901,4218.084258
-2358.25337,443,4223.019001
-134.743541,901,4229.04629
-49.01403,901,4235.244502
-47.565413,901,4241.198559
-54067.140945,901,4249.054328
-173.63887,901,4256.653344
-4051.740883,901,4264.075622
-46.650203,901,4269.33807
-61.694372,901,4275.813805
-63.643953,901,4281.57719
-3962.273523,901,4289.926098
-2113.323207,901,4298.58004
-159.24777,901,4308.689708
-524.64015,901,4316.763585
-62.557534,901,4326.128559
-63.253062,901,4332.256065
-105.806508,901,4338.764301
-70.673525,901,4347.472191
-169.523251,901,4355.256299
-43.884473,901,4361.378222
-54.029469,901,4367.28989
-109.51382,901,4373.190125
-61.102074,901,4379.036793
-3126.208856,533,4382.394936
-170.742339,901,4388.418466
-55.468372,901,4396.776958
-97.858961,901,4403.122079
-97.039319,901,4408.629379
-11584.69264,901,4415.909157
-78.279186,901,4420.787072
-107.827562,901,4429.98526
-62.888747,901,4437.06174
-61.897532,901,4445.357342
-3100.529441,891,4456.252586
-112.266017,901,4463.669914
-88.037374,901,4469.217444
-54.001311,901,4474.660661
-3114.311752,901,4486.24057
-79.837694,901,4500.945451
-37.313102,901,4510.522382
-59.654019,901,4517.081731
-2730.142506,461,4521.344128
-2118.072223,490,4524.547161
-279.901038,901,4530.338453
-135.797556,901,4536.315853
-68.127934,901,4542.075414
-61.312517,901,4547.671493
-57.125324,901,4553.113137
-50.785712,901,4558.852508
-57.662207,901,4564.661638
-71.003161,901,4571.388408
-87.072506,901,4576.765945
-207.705886,901,4582.644537
-401.976121,901,4588.871747
-211.716941,901,4597.359942
-115.708473,901,4602.223747
-2553.504673,901,4610.918895
-103.357205,901,4617.210376
-216.199511,901,4623.309465
-45.654726,901,4628.824079
-52.244631,901,4634.299335
-16210.972292,655,4639.42144
-53.522598,901,4645.470297
-122.548195,901,4651.086401
-70.294052,901,4660.198548
-54.816461,901,4665.773305
-46.375639,901,4672.650384
-50.07452,901,4679.511566
-136.327944,380,4682.611265
-176.433441,901,4688.430032
-53.096351,901,4694.298597
-460.249682,289,4695.897762
-53.372455,901,4701.397953
-216.996619,901,4707.24064
-50.245442,901,4713.709279
-2001.579902,717,4719.298111
-60.510401,901,4726.501268
-65.786957,901,4733.056764
-64.18304,901,4739.329054
-51.234867,901,4745.060926
-63.743775,901,4750.621298
-49.687085,901,4756.260886
-87.305908,901,4761.745389
-113.841626,901,4767.495332
-67.474323,901,4772.4653
-69.980987,901,4777.851281
-109.37078,901,4785.333823
-181.061782,901,4794.308642
-465.006471,901,4800.359666
-59.187849,901,4805.746106
-49.817282,901,4816.35297
-44.512936,901,4832.355984
-121.117367,901,4842.570925
-67.664621,901,4852.348206
-489.023334,901,4862.949014
-371.430359,901,4873.317169
-41.505943,901,4882.887547
-64.784718,901,4892.902571
-32.254647,901,4902.688444
-30.402496,901,4913.759415
-2328.804591,901,4929.373512
-33.869366,901,4938.983097
-2275.883112,401,4945.209111
-9643.935453,901,4956.987007
-3022.748885,699,4966.725884
-40.962052,901,4976.283418
-59601.762812,866,4990.776283
-34.394104,901,5001.4784
-34.203346,901,5011.278851
-33.226653,901,5021.847407
-128.462423,901,5031.586897
-31.393649,901,5040.105591
-253.509728,901,5055.706221
-44.451856,901,5067.271026
-48.977556,901,5076.79302
-40.013673,901,5087.517702
-1121.205385,901,5102.096609
-153.460183,901,5112.986671
-64096.82164,901,5124.588311
-39.397781,901,5135.409285
-34.747059,901,5145.198814
-279.003508,901,5151.749925
-47.342402,901,5157.36095
-96.616458,901,5162.848966
-5914.75193,901,5169.988187
-74.720588,901,5175.376474
-44.024577,901,5181.50369
-46.937222,901,5188.568687
-76.769074,901,5196.352503
-145.831446,901,5207.529104
-21.808663,901,5213.076657
-74.77631,901,5218.547019
-37.981439,901,5226.420716
-317922.729771,901,5235.772677
-339028.122427,901,5242.836957
-42.998017,901,5248.462419
-30.792661,901,5253.216346
-33.265398,901,5258.44482
-39.434978,901,5263.657165
-6706.795822,844,5275.443527
-48.072376,901,5281.696432
-623.163254,901,5291.783194
-44.413489,901,5298.436992
-52498.202331,901,5308.354628
-62309.95202,901,5316.475649
-1087166.803766,901,5323.676403
-50.159891,901,5331.085698
-85.121037,901,5340.865646
-120.640437,901,5346.639797
-139.232966,901,5353.088189
-55.335926,901,5358.456475
-4297.049543,354,5361.348018
-160.128051,901,5372.145211
-54.129161,901,5377.438228
-36.659928,901,5383.506531
-46.043572,901,5388.903571
-3359.819407,901,5398.179976
-62.356065,901,5404.95449
-2789059.636101,901,5411.877861
-62.469715,901,5418.127099
-72.41386,901,5426.014423
-47.845539,901,5433.635841
-84.140233,901,5439.899925
-31.791811,901,5445.399521
-136637.717109,846,5451.44308
-169.62172,901,5460.381155
-48.913564,901,5465.656305
-33.011583,901,5471.480037
-78.907085,901,5480.214664
-340620.45778,901,5489.381093
-2071.620997,809,5496.608261
-43.727025,901,5501.961164
-55.738888,901,5509.477062
-59.179437,901,5516.806273
-35348.330563,901,5530.160503
-54.784017,901,5537.398079
-7957.846979,901,5544.479169
-65.420535,901,5550.426671
-40.48864,901,5555.728995
-2107724.364875,901,5562.706392
-4524.527613,901,5573.296179
-52.297751,901,5580.638098
-70.986865,901,5586.68778
-191890.818288,761,5594.357049
-39.131309,901,5600.042822
-56.883382,901,5605.607024
-44.868035,901,5610.845433
-27.239536,901,5616.115311
-231.858718,901,5622.040412
-138.058039,901,5630.848171
-51.542132,901,5636.704073
-46.863096,901,5642.836949
-9094.999096,593,5649.110888
-44.57202,901,5656.195285
-53.167,901,5662.220053
-132584.465146,901,5669.133516
-1109.768073,901,5679.664913
-68.590537,901,5686.648753
-36.676887,901,5693.633195
-3155.303483,901,5698.913667
-124.689469,901,5705.56293
-140.612365,901,5715.096302
-52.515461,901,5719.892715
-83.001551,901,5725.275295
-141.477572,901,5730.657776
-64.738168,901,5736.139122
-59.685468,901,5741.385442
-75.948079,901,5746.654883
-172.60043,901,5752.578979
-71.798845,901,5758.039618
-81.191759,901,5762.764154
-93.593382,901,5768.179436
-53.698281,901,5773.63261
-66.298235,901,5778.953959
-61.380058,901,5784.394264
-79.775002,901,5789.832824
-361.172311,827,5795.413984
-65.518888,901,5800.676567
-40.881763,901,5805.254268
-40.959123,901,5810.525517
-51.099932,901,5816.092543
-62.872448,901,5821.953343
-88.101846,901,5827.318889
-102.509351,901,5832.707026
-45.473389,901,5840.591976
-136.796187,901,5846.540056
-55.619664,901,5851.344284
-91.291371,901,5856.933572
-62.802904,901,5862.755365
-95.143379,901,5868.338083
-69.731768,901,5873.735781
-52.334881,901,5879.250054
-63.72185,901,5884.881093
-62.181869,901,5890.147054
-73.704849,901,5894.785959
-58.768202,901,5900.110224
-68.537535,901,5905.497068
-40.339763,901,5910.778282
-3314948.988918,901,5917.0328
-3476398.493535,901,5923.42839
-84.963945,901,5928.856758
-108.873651,901,5934.068964
-43.343439,901,5939.607278
-42.956235,901,5944.646408
-100.788573,901,5950.107602
-139.96936,901,5956.118634
-75.610574,901,5961.863387
-59.098576,901,5967.882271
-29531.37407,499,5971.883444
-48.065119,901,5977.316047
-50.575926,901,5982.631047
-105.30289,901,5989.003707
-42.823444,901,5994.369439
-105.92171,901,6000.285593
-45.334078,901,6006.912284
-3217910.40613,901,6014.809704
-2158118.29709,901,6024.80656
-37.756069,901,6030.203695
-44.23883,901,6035.452244
-55.419595,901,6045.982334
-80.688254,901,6051.342155
-45.932023,901,6058.789425
-10881.748515,901,6065.816727
-97.918851,901,6071.48488
-53.957973,901,6076.105376
-45.427622,901,6083.062237
-196.944859,327,6086.313235
-111.089511,901,6094.68541
-37.015814,901,6099.976198
-173.247618,901,6105.952828
-57.322343,901,6111.290247
-2539.22791,901,6120.934248
-56.20813,901,6126.609571
-41.385229,901,6132.181244
-57.101071,901,6137.839086
-10110.407044,901,6149.484577
-325.999983,423,6152.987493
-39.705256,901,6159.505375
-46.780104,901,6165.787269
-48.547153,901,6171.51113
-38.175122,901,6179.2113
-19.287434,901,6184.392772
-2741384.38212,901,6193.912057
-35.986919,901,6199.110333
-974032.04059,901,6206.553762
-47.811914,901,6212.211429
-43.336626,901,6218.030436
-81647.629478,901,6226.463655
-85.793979,901,6233.568654
-127.508678,901,6241.018396
-1306168.715341,901,6248.303408
-169.808432,901,6255.65149
-31.682127,901,6264.139349
-4257.178472,596,6271.232428
-138.644645,901,6277.486249
-4783.97323,713,6288.802151
-237775.450766,901,6297.788702
-59.132745,901,6304.19264
-152.772503,901,6311.847436
-72.207919,901,6320.040038
-35.240105,901,6325.275378
-1928.147684,901,6333.579897
-72734.356266,901,6342.031428
-94793.476653,833,6350.722675
-1193.509948,752,6356.117338
-116523.588887,901,6366.976328
-65.411919,901,6373.110386
-41.610168,901,6379.191332
-27.430219,901,6386.252223
-49.856051,901,6398.724435
-49.135696,901,6404.480202
-72640.11168,901,6417.76371
-884.47859,901,6432.377903
-41.328645,901,6444.223951
-53.369198,901,6451.3762
-175780.387936,901,6463.529555
-74267.911673,901,6472.623295
-390.666186,901,6481.542702
-70.983033,901,6492.461561
-1306.366847,901,6499.571929
-2137.452338,430,6504.782187
-1149.014372,901,6509.9986
-142.868062,901,6518.588516
-42.940913,901,6528.097244
-9516.038423,901,6537.741137
-32.920238,901,6547.231054
-39.472537,901,6554.508273
-14148.383394,901,6564.089295
-53.612774,901,6571.939241
-29.948008,901,6577.083276
-73.944521,901,6586.08186
-56903.902158,901,6598.035948
-42.451093,901,6603.508288
-52818.380889,901,6613.801654
-88.752653,901,6621.512737
-90.561423,901,6628.228874
-46.997973,901,6634.784063
-100.480856,901,6644.633319
-37.073445,901,6649.642325
-33575.544848,901,6656.366935
-69960.064797,901,6666.609319
-2848.208408,901,6676.20303
-82955.311323,901,6686.959394
-1062.164145,901,6694.164625
-52.383554,901,6701.741298
-42.922185,901,6709.058612
-2573.378779,901,6722.020549
-2831.286381,901,6731.584322
-9142.819963,805,6739.822453
-3381.969719,607,6745.819526
-2436.272945,901,6754.5774
-6962.119477,901,6761.425365
-31.827555,901,6770.330396
-464.541709,901,6779.641643
-3300.971411,901,6787.088501
-13965.260009,901,6798.54307
-13880.75018,901,6806.320398
-51370.130644,901,6815.364247
-8385.115957,901,6822.923496
-116.305848,901,6828.035794
-42.897042,901,6836.667136
-11581.884818,901,6845.402864
-4522.197441,901,6853.273217
-2622.60426,602,6858.964856
-3377.783928,901,6868.402648
-5138.203601,901,6877.925326
-19178.672955,901,6887.585765
-2220.146377,901,6896.919314
-19274.018292,901,6906.043129
-9534.761357,901,6914.479552
-9904.144799,901,6923.212261
-3153.362688,901,6931.849948
-5071.375207,691,6938.862132
-70.730264,901,6951.928542
-1298.345035,709,6958.050344
-914.832248,901,6965.802094
-117.031939,901,6974.312433
-33.851987,901,6981.141562
-50.15171,901,6988.42706
-26.781478,901,6992.993605
-34.737107,901,6998.746286
-42.705061,901,7004.13886
-81.848161,901,7010.615471
-57.722764,901,7015.968193
-75.227104,901,7021.434719
-47.367425,901,7028.028277
-41.840678,901,7034.013797
-40.963217,901,7038.792408
-144.779395,901,7044.812637
-130.073219,901,7050.597116
-1150.204451,901,7056.486133
-132.580496,901,7062.572519
-65.693995,901,7068.651299
-65.160972,901,7074.105214
-864.252343,901,7079.876743
-298.397276,901,7085.976686
-93.884577,901,7092.431437
-50.968404,901,7097.879427
-100.909424,901,7103.333536
-46.125077,901,7108.913092
-87.190635,901,7114.931315
-96.003001,901,7121.082596
-90.531971,901,7126.687659
-83.116811,901,7135.131948
-141.97049,901,7139.963032
-107.641873,901,7145.368144
-75.349504,901,7151.333166
-98.204227,901,7157.569074
-43.07846,901,7167.703184
-50.354742,901,7173.229403
-71.813505,901,7179.520252
-39.655878,901,7186.389443
-67.999531,901,7194.06958
-63.159816,901,7200.02415
-45.165949,901,7205.374514
-4460.542622,716,7212.827436
-46.81201,901,7220.700333
-58.574986,901,7226.644133
-53.629525,901,7232.935972
-147.959133,901,7238.700285
-85.427963,901,7246.529154
-53.249473,901,7252.027228
-49.585892,901,7257.296099
-47.190134,901,7262.483917
-86.03714,901,7270.640967
-45.59453,901,7276.143401
-68173.660705,765,7282.366726
-60.094679,901,7289.008816
-40.340249,901,7294.333371
-79.672391,901,7299.704178
-30.33242,901,7305.018621
-34.057983,901,7312.662176
-23.952567,901,7318.458174
-62.421504,901,7323.721405
-49.03319,901,7328.900801
-33.958321,901,7334.096063
-58.063292,901,7339.446695
-71.451499,901,7345.225095
-40.577712,901,7350.53528
-43.936433,901,7358.857863
-67.81696,901,7364.409317
-50.516517,901,7371.206955
-39.592196,901,7376.515382
-27.977968,901,7382.690072
-32.713755,901,7388.161844
-85.231984,901,7395.008292
-60.787397,901,7400.341267
-114.166556,901,7407.55992
-25.986629,901,7416.081205
-32.703237,901,7421.346974
-77.303208,901,7426.745457
-110.964575,901,7433.049512
-28.856729,901,7438.367214
-65.717448,901,7445.410678
-47683.22592,901,7453.788028
-120.908786,901,7459.505345
-95.40055,901,7467.149284
-2342.06443,901,7477.571949
-237.748994,901,7486.555847
-40.685713,901,7491.412981
-113.31399,901,7498.33486
-96.963532,901,7505.72669
-24.36841,901,7511.229548
-649.211902,616,7515.726351
-62.673507,901,7523.281421
-2682.020034,486,7527.558313
-30.695062,901,7533.202452
-35269.428318,901,7540.576225
-31.240953,901,7547.045494
-2501.647084,901,7555.815529
-85.190299,901,7562.050195
-4716.070073,901,7571.766546
-53.71395,901,7578.614296
-229.385758,901,7585.126601
-24.735481,901,7593.0725
-86.440079,901,7598.697059
-35.569901,901,7606.23673
-873.504871,901,7614.491431
-68.290945,901,7619.799604
-63.216739,901,7625.52748
-58684.968908,901,7633.6078
-34.389577,901,7638.871293
-38.432256,901,7647.481444
-45.575299,901,7655.770442
-48706.169167,849,7663.72612
-87.713299,901,7674.916358
-39.333511,901,7683.475306
-50123.655502,892,7690.672303
-8206.169008,901,7702.291848
-44056.847211,901,7713.463206
-39.332948,901,7724.680502
-86.947269,901,7733.063684
-54.261736,901,7741.29747
-39776.603627,901,7750.803658
-26.810555,901,7759.445368
-45.060759,901,7764.112084
-38756.612342,901,7772.57632
-28.326761,901,7781.425126
-3212.443169,901,7791.559124
-67608.895254,901,7800.852957
-517.560498,499,7803.90216
-2181.08388,901,7810.894413
-784.241807,901,7818.73863
-1982.477936,901,7827.011002
-959.773582,899,7833.592909
-77.934885,901,7842.104497
-14295.632688,901,7851.624664
-47.14886,901,7858.039699
-25.795657,901,7864.108269
-27071.008586,901,7871.773787
-37.671096,901,7879.141165
-59.513907,901,7885.195908
-41.828291,901,7893.835192
-105.916683,901,7899.455556
-42.914659,901,7906.48606
-38.926234,901,7915.639841
-30.875975,901,7923.439177
-36.307952,901,7928.035365
-61.894426,901,7934.966847
-15055.545755,901,7943.602233
-34.002135,901,7949.113271
-44.44231,901,7956.392596
-45.724073,901,7961.741038
-82.443458,901,7967.141714
-54191.500733,901,7974.075079
-19607.804018,901,7982.880908
-43.983287,901,7988.329276
-40.51593,901,7994.730087
-27.202302,901,8000.429926
-37.269159,901,8006.69948
-2276.256232,901,8020.201634
-57960.240389,901,8031.316335
-51.011339,901,8039.509322
-18192.410794,901,8048.35841
-10453.654241,901,8057.648567
-38.882886,901,8066.02107
-39598.626884,901,8077.420832
-4081.802405,901,8083.806485
-172.990734,901,8090.957039
-130.393266,901,8098.966417
-3137.953846,901,8107.291173
-290.01384,901,8120.367668
-38.989626,901,8126.818899
-45.366826,901,8135.784439
-56.963172,901,8144.436213
-1399.895436,901,8157.46143
-89.172202,901,8166.987001
-39.123169,901,8173.235259
-117.212626,901,8182.468902
-33.2234,901,8192.499511
-35.334766,901,8202.155926
-58.296859,901,8210.627249
-63.813986,901,8218.234461
-3936.953042,901,8226.897519
-2450.262448,901,8233.857744
-41240.731887,901,8242.345456
-11410.508669,901,8253.095438
-443.719024,901,8266.719972
-3175.247365,901,8274.420506
-45226.018612,901,8284.77527
-25500.548515,803,8292.997228
-509.819265,503,8296.357295
-24215.005333,642,8302.224092
-77282.431897,844,8311.192966
-350.163117,901,8323.690142
-527.061095,394,8327.76769
-40645.473675,901,8338.055899
-12611.294605,901,8345.992001
-30.364619,901,8353.838321
-5937.567406,901,8364.686563
-8999.631506,706,8372.321038
-27132.011485,733,8377.281445
-26.681985,901,8388.283116
-49648.412838,901,8396.216853
-1203.488261,376,8399.273549
-530.28624,454,8404.893923
-3818.775298,901,8415.71599
-2995.366543,901,8424.955164
-4005.064012,901,8434.998874
-32314.729158,901,8443.716655
-13558.326827,748,8449.858172
-8020.463836,901,8459.766144
-71092.283636,892,8468.215165
-801.626712,750,8476.336199
-3249.189243,660,8483.672976
-32435.667746,901,8492.953382
-3270.192179,901,8505.703271
-126014.700383,901,8519.505708
-3049.22896,657,8525.30647
-78094.528921,901,8535.306211
-133.366207,901,8544.463499
-5197.908009,901,8556.489499
-26329.94304,514,8562.343221
-194.739128,901,8572.344278
-157.647178,901,8583.517298
-35.765725,901,8592.900164
-2559.733728,901,8601.931513
-104079.853594,901,8616.185168
-17399.415195,625,8623.431777
-641.884572,512,8627.718297
-7711.592177,901,8642.954355
-2033.495546,472,8647.041414
-53304.574512,788,8659.819549
-26972.024797,894,8669.109276
-76575.109743,901,8680.020436
-3581.640525,732,8689.490022
-65.118472,901,8700.661616
-1403.688011,901,8708.318229
-25487.934499,901,8723.048653
-21888.58367,901,8734.551834
-23253.183302,733,8741.647357
-20576.408714,901,8750.635944
-11072.379908,901,8759.050272
-23040.742757,901,8768.8818
-96.125256,901,8779.155444
-80095.043937,901,8789.425385
-21714.89336,901,8800.541023
-23.619008,901,8810.417264
-23227.069721,901,8819.721955
-5513.757727,901,8835.008163
-2791.758709,745,8842.844598
-64818.025365,901,8851.262577
-109744.134295,901,8859.274253
-24641.292387,901,8868.690658
-26.705852,901,8876.484475
-193.072028,901,8886.884556
-1363.578524,901,8898.058799
-19913.515372,901,8910.098772
-16100.303953,901,8921.513669
-29.593621,901,8929.228117
-60.886944,901,8939.041319
-58994.210446,901,8950.503742
-2310.587744,901,8961.190273
-87817.789567,901,8969.634697
-63.625491,901,8978.541755
-31.298234,901,8987.092212
-23.595865,901,8998.137763
-56.462161,901,9003.82506
-30.704285,901,9010.051606
-107.495712,901,9016.56031
-83.016998,901,9027.256343
-28630.019145,901,9036.656973
-2636.004479,534,9040.836875
-46306.024557,791,9050.798915
-151.955643,901,9064.832401
-190649.626356,901,9073.560815
-66429.544365,901,9082.091691
-7072.979472,901,9090.520256
-46125.917418,901,9100.172791
-8552.685354,901,9111.270607
-26.667901,901,9117.782552
-75.132834,901,9128.455417
-233561.002522,901,9138.477182
-1306.93019,901,9145.670741
-2833.895347,693,9153.394288
-19744.988154,901,9161.292485
-19227.327571,681,9166.815564
-59865.603922,901,9175.479634
-75186.149509,901,9183.660249
-3959.825119,795,9190.007855
-22749.897954,901,9200.161851
-20177.405446,901,9208.488333
-28421.678457,901,9221.018811
-174506.070458,901,9229.422858
-84374.090364,901,9239.139516
-13334.637519,598,9245.540329
-1959.777167,901,9252.688587
-102504.424193,901,9262.245384
-17273.821908,901,9269.437952
-208236.735091,869,9277.876881
-38518.22178,730,9287.856261
-10611.220969,743,9295.970901
-25887.470935,901,9307.113276
-29172.934049,812,9316.804461
-58258.183806,901,9326.287495
-14515.71518,678,9334.982296
-44097.76125,901,9345.131942
-38103.743714,901,9354.762681
-31163.279032,901,9365.83736
-21437.64536,901,9375.240336
-17741.603793,901,9383.491706
-626.378825,304,9386.339504
-42610.14389,901,9396.004761
-6157.083712,901,9407.237505
-42177.941949,901,9414.975811
-637083.3988,901,9422.904576
-22752.945744,697,9430.889037
-2575.919579,568,9437.1111
-51506.9999,901,9444.258062
-21717.340807,901,9454.914846
-2159.57209,803,9463.165749
-19818.343331,789,9469.979341
-30012.016096,901,9479.650549
-38037.176609,901,9490.572306
-53246.600442,901,9498.740803
-43697.638394,901,9506.50265
-873.970315,901,9513.50109
-42892.445012,901,9523.297855
-26.804857,901,9531.199959
-3636.970792,901,9539.895317
-28.636143,901,9553.776702
-109787.45772,901,9564.685534
-33.232803,901,9570.420713
-125.656115,901,9576.854461
-51.182611,901,9586.436216
-27.634739,901,9592.184331
-2904.016998,901,9599.379902
-33.214456,901,9607.742164
-154.450895,901,9616.642594
-361.845875,901,9627.07619
-70.242925,901,9635.738429
-4042.546073,898,9642.158947
-30.533437,901,9655.682428
-25.679291,901,9664.607597
-4383.870245,901,9677.579941
-64576.28081,901,9688.442576
-9319.803857,808,9697.786917
-544.350222,463,9700.280574
-31.971389,901,9708.789321
-2689.612679,485,9714.2057
-26.208736,901,9719.507786
-34.185991,901,9731.673306
-28.828702,901,9740.115381
-39.695791,901,9749.442788
-91.041968,901,9765.96872
-136.250179,901,9773.489621
-26.398789,901,9779.6466
-34.436622,901,9791.097938
-106137.304667,901,9798.414525
-25068.354135,901,9806.947858
-45.165992,901,9815.169189
-24.595135,901,9823.49443
-372.870488,901,9831.4425
-37.930705,901,9837.035485
-48.143861,901,9842.88207
-164.543641,901,9851.509334
-2010.764464,901,9862.192216
-75.765971,901,9869.64559
-39.986595,901,9879.158353
-26.671992,901,9885.881531
-133.002409,901,9892.708904
-34.388676,901,9898.183136
-92.476425,901,9908.175217
-2555.830668,573,9913.950804
-38067.453454,901,9922.508848
-19623.417669,901,9933.192683
-110592.253368,901,9940.386207
-3076.116125,901,9948.646281
-26.996967,901,9957.734919
-50511.824653,901,9966.720425
-15797.158076,901,9975.060749
-38870.138459,901,9983.431015
-4799.502276,901,9991.603486
-21617.999599,901,10002.340088
-12430.403339,697,10009.884983
-86.688198,901,10016.517626
-3675.007682,901,10025.826977
-34092.99389,619,10030.75775
-274.924386,901,10039.033517
-26665.460559,901,10049.678532
-11488.897288,901,10060.476825
-29808.803604,901,10070.603859
-66635.478169,901,10080.455011
-14314.235921,606,10088.518769
-35238.472599,901,10098.117875
-76782.87611,901,10106.872039
-3366.423111,901,10113.407133
-205902.590412,901,10123.199384
-119.791752,901,10130.428334
-23256.452722,901,10140.88084
-17208.352106,901,10151.826657
-47602.763392,901,10159.435626
-9465.022922,901,10170.530186
-3675.477162,901,10180.682058
-19919.496122,901,10187.893739
-6858.525396,901,10198.195319
-98.437564,901,10204.401417
-9073.469151,901,10211.369252
-63.979189,901,10218.347265
-37.544215,901,10227.357273
-27808.675155,901,10234.902842
-37.962111,901,10240.679078
-35.057783,901,10247.441466
-45.171139,901,10252.926549
-61511.070542,901,10263.140075
-149.027649,901,10268.912065
-23536.616828,669,10275.043539
-48.461352,901,10280.515742
-128837.951418,781,10286.8587
-119.054071,901,10293.760259
-2493.511123,335,10297.761866
-80960.366896,901,10311.32236
-31.477528,901,10317.953095
-51.189399,901,10324.102361
-95017.661744,901,10334.484045
-4715.731979,901,10341.78745
-30.992662,901,10349.857995
-21.424785,901,10360.718205
-4266.508544,901,10374.19137
-4197.793868,901,10383.815692
-40.111403,901,10391.561532
-37.902407,901,10399.329408
-578.188137,901,10407.802742
-5734.131808,691,10414.795219
-32581.275407,834,10422.9429
-19988.39507,901,10434.556038
-78231.263023,857,10445.459628
-109.648867,901,10455.979226
-262.469743,901,10467.770208
-66.267457,901,10475.637457
-4663.119687,901,10484.92648
-25670.356879,901,10494.025328
-78.515094,901,10507.642075
-40.142698,901,10516.472195
-171.248812,901,10523.239612
-217.120612,901,10533.431015
-113.053025,901,10542.531459
-88.529218,901,10548.746731
-38.479266,901,10557.899025
-2025.578676,901,10568.707699
-31.12271,901,10576.532907
-163.856897,901,10588.471254
-37.080743,901,10596.57136
-169.6657,901,10603.920328
-37.641389,901,10611.364935
-225.649492,901,10622.724268
-3638.134892,901,10632.377539
-73715.901758,901,10640.980887
-39.597438,901,10655.784096
-41565.201143,901,10665.835495
-49.013381,901,10671.393412
-67.679577,901,10679.302276
-62.676518,901,10687.615036
-3054.492252,901,10696.897859
-127.466778,901,10705.614372
-39879.447394,901,10713.499054
-67568.190913,901,10722.733721
-8919.503113,901,10732.38295
-403.725021,901,10742.869647
-21.48187,901,10750.284119
-39383.872523,901,10760.74005
-33.607697,901,10770.881216
-8390.226494,901,10780.862839
-3873.473083,901,10792.512222
-29445.06328,640,10797.727853
-3970.741628,901,10806.731345
-60.358518,901,10815.953689
-12359.306516,560,10820.527413
-1246.58112,638,10825.762467
-8528.505573,517,10830.337011
-62.002196,901,10838.420312
-10101.124566,901,10847.431346
-18918.404073,901,10859.405049
-33.33641,901,10868.02324
-31.628175,901,10879.646308
-10674.14288,901,10891.817975
-12178.11214,690,10898.564805
-29.359577,901,10909.915915
-22319.194326,901,10917.465449
-120.291383,901,10929.943592
-34.213996,901,10939.491502
-58377.799122,901,10950.655506
-6686.102041,901,10962.555402
-37.23287,901,10970.578522
-2949.917853,901,10979.241512
-11159.341874,516,10983.449244
-143.971578,901,10992.899593
-18483.754894,901,11005.482421
-813.041581,423,11007.848873
-2402.749008,901,11015.357875
-27.035161,901,11023.898824
-988.7667,792,11031.900511
-2554.788227,901,11040.02419
-2432.466067,826,11048.955763
-36849.534478,901,11060.020041
-37.46808,901,11069.713168
-4125.095993,901,11076.678729
-4130.725608,901,11087.111918
-4492.162808,901,11095.821218
-2452.462753,432,11100.175442
-4453.889984,738,11106.428469
-4590.787814,901,11114.391428
-32.159814,901,11121.894435
-2154.484378,721,11126.958758
-154.768942,901,11135.445795
-46.295468,901,11141.347013
-4314.862555,807,11148.026531
-45.778711,901,11154.693928
-2875.633347,901,11165.467413
-114.482227,901,11172.589255
-42.856469,901,11179.855002
-1243.734597,901,11186.073212
-45.0897,901,11192.898111
-72.088484,901,11203.150082
-36.941454,901,11208.367604
-41.095786,901,11218.341522
-47.058307,901,11224.276305
-51.912619,901,11229.767166
-75.27411,901,11250.501673
-164.025849,901,11256.867324
-1209.179411,687,11261.659715
-9118.079134,901,11268.744457
-74.997476,901,11276.033748
-35.297475,901,11285.796524
-34.091203,901,11290.693753
-24.964065,901,11296.391146
-30.52467,901,11301.848331
-36.331519,901,11309.929081
-47.512363,901,11317.568432
-134.459572,901,11323.062659
-47.814517,901,11328.245845
-55.963853,901,11333.453756
-39.508429,901,11338.828557
-34.051326,901,11343.813969
-47.11109,901,11350.579414
-42.889312,901,11357.024592
-46.645547,901,11362.579587
-39.688405,901,11368.08065
-34.93604,901,11373.327381
-40.565599,901,11378.621866
-53.36151,901,11385.834352
-48.892452,901,11390.346776
-56.723207,901,11395.778175
-48.059593,901,11401.383389
-45.834323,901,11406.994631
-36.535327,901,11412.262656
-58.221808,901,11417.685125
-48.970793,901,11425.139921
-93.751028,901,11431.402087
-92.748126,901,11436.429305
-60.765766,901,11441.610181
-45.546487,901,11451.066012
-51.095143,901,11456.913188
-7086.413698,901,11466.854043
-45.752332,901,11472.378459
-147.817612,901,11478.078834
-39.215431,901,11483.582846
-44.200863,901,11488.765714
-108.989628,901,11496.814901
-57.537261,901,11505.130982
-29.297379,901,11513.099589
-33.488617,901,11518.313885
-46.238762,901,11523.797584
-63.386665,901,11532.026833
-41.751573,901,11541.729498
-37.729215,901,11550.703179
-59.207702,901,11556.561796
-151.265621,901,11562.034733
-63.532664,901,11567.434527
-52.223362,901,11572.829334
-43.493911,901,11578.358401
-2865.413673,901,11585.206774
-36.442871,901,11592.189919
-238.756333,901,11597.909063
-142.438657,901,11602.973769
-39.050724,901,11608.220581
-44.318411,901,11613.503016
-31519.515481,729,11622.514887
-23.136019,901,11633.14993
-36.03993,901,11639.125705
-33.135216,901,11645.728858
-2304.699656,604,11650.853949
-30.722524,901,11658.159986
-6527.332664,848,11667.24347
-2705.349022,901,11673.634956
-29.98709,901,11679.349988
-4308.812292,719,11689.017764
-7176.32889,901,11696.784748
-3512.044506,901,11703.258262
-27055.189355,757,11711.010785
-116.614403,901,11719.505305
-219.515347,901,11725.628957
-1144.915266,817,11730.114209
-4498.411962,509,11737.037177
-38.999993,901,11742.968062
-22.129794,901,11748.84361
-8817.991685,772,11756.370742
-28.832744,901,11763.468038
-116.476786,901,11773.155828
-29.117479,901,11781.042786
-5921.718793,901,11788.774141
-4322.543308,601,11796.393707
-120.405642,901,11801.772731
-2398.872182,901,11808.010733
-31.307245,901,11815.656819
-113.893261,901,11821.496505
-37.395441,901,11830.848307
-36422.206471,901,11841.881513
-8566.837314,901,11849.584843
-19306.638578,901,11862.329017
-31.665136,901,11870.23929
-4874.710278,901,11879.639197
-7588.771653,814,11887.780354
-1555.914026,901,11895.912314
-89.797172,901,11903.223512
-4218.78156,368,11907.782041
-4057.958901,901,11915.480606
-6550.477955,641,11921.241041
-4030.265532,901,11930.822379
-44.453877,901,11939.045857
-50081.748428,901,11951.458873
-2789.394902,586,11959.555658
-3702.566373,754,11969.381856
-24.95914,901,11975.795215
-26.144204,901,11984.422704
-1954.257262,901,11992.724471
-185.164132,901,11999.285731
-3970.900706,323,12002.586654
-3562.210479,895,12009.490655
-82.511683,901,12017.205584
-90.408888,901,12025.149217
-4361.185274,901,12032.954496
-5896.861959,620,12040.054215
-509.612266,759,12050.308703
-50.077044,901,12057.112544
-18.757338,901,12066.457029
-467.985629,452,12070.823665
-2260.73377,374,12073.777664
-29.45905,901,12081.672029
-40.684766,901,12087.91514
-39.937326,901,12093.144777
-966.378658,901,12102.337167
-136.783916,901,12107.799226
-2955.798102,479,12112.155235
-3030.650869,901,12119.217962
-42.734264,901,12126.565459
-42.683253,901,12131.319181
-20.647149,901,12136.823519
-8351.072237,482,12140.493511
-42.661339,901,12147.183194
-55187.270431,901,12157.970409
-23.917972,901,12163.063989
-3166.624154,901,12169.594509
-35.632559,901,12175.058679
-110.035947,901,12183.816975
-28.616435,901,12189.192345
-38.318986,901,12194.745034
-40.042825,901,12201.851102
-27311.914205,634,12207.890494
-48.28605,901,12217.039347
-35.272644,901,12222.977598
-38.3659,901,12229.784346
-46.234468,901,12235.447834
-47.676131,901,12241.240104
-41.799633,901,12247.132431
-66.40996,901,12251.585649
-41.329062,901,12256.889595
-2676.719229,901,12265.34309
-47.596606,901,12273.411615
-112.267301,901,12278.92147
-37.907466,901,12286.724058
-35.225367,901,12294.083363
-39.498234,901,12301.33183
-37.869733,901,12307.126412
-29.763429,901,12311.696917
-108.924137,901,12319.945908
-1331.835203,901,12326.487753
-32.598283,901,12331.800375
-39.014013,901,12337.825048
-100.727543,901,12343.182669
-6236.636091,901,12352.673166
-99.958179,901,12358.155513
-37.157815,901,12363.936468
-38.419639,901,12369.129395
-6286.35628,406,12374.126464
-126.793733,901,12379.419503
-44.545754,901,12384.938641
-37.554583,901,12390.15935
-1447.27293,901,12395.894811
-54.860653,901,12401.503451
-23.223988,901,12406.98557
-33.697891,901,12412.280392
-83.969167,901,12418.756252
-182.560792,901,12424.175579
-38.731752,901,12429.443305
-37.393163,901,12433.912473
-55.354186,901,12439.304545
-44.879484,901,12444.414794
-145.905822,901,12450.213874
-215.470674,901,12456.000885
-4551.832012,901,12463.261333
-24.527375,901,12469.547634
-26.722351,901,12474.672798
-28.5009,901,12481.019495
-47.660885,901,12486.1391
-32.897094,901,12491.398595
-328.331778,281,12493.259435
-45.676471,901,12498.413997
-118.227844,901,12503.807391
-50.568808,901,12510.173857
-43.770512,901,12515.474324
-49.162873,901,12522.105643
-122.247179,901,12528.988971
-6393.64949,901,12537.880056
-31057.645197,699,12543.427339
-34.942797,901,12549.028537
-3072.451978,901,12555.241496
-1932.514863,901,12564.796359
-39.487466,901,12569.955968
-108.076933,901,12576.480153
-43.398589,901,12582.120559
-30506.68184,668,12587.778481
-2166.338496,366,12590.781217
-46.387989,901,12596.850448
-36.346519,901,12603.983302
-44.191018,901,12609.293644
-34.999886,901,12614.927011
-29.605649,901,12622.20035
-64.037261,901,12627.71571
-33.866099,901,12632.930826
-42.323664,901,12639.519287
-37.367531,901,12648.805638
-32.34556,901,12653.385043
-1259.870742,901,12659.109423
-36.14384,901,12667.328278
-26.017348,901,12675.004575
-48.243935,901,12684.278358
-30.726418,901,12690.267781
-24862.875408,515,12693.374907
-2160.173648,901,12705.59669
-45.973378,901,12710.791588
-2094.143549,901,12717.890511
-32.398682,901,12723.226477
-2565.486862,901,12733.038451
-4891.605546,901,12741.677812
-28.640443,901,12746.338292
-2618.426302,901,12754.687494
-126.356466,901,12760.372492
-45.498179,901,12765.481956
-8575.484097,901,12774.877006
-40.156889,901,12783.170437
-120.442394,901,12789.041375
-31.463651,901,12794.42504
-16554.817128,901,12804.765898
-25257.783982,901,12810.449097
-119.881717,901,12821.899544
-2854.323207,901,12830.620223
-31.805024,901,12835.764731
-70.648816,901,12840.955983
-18035.99965,901,12850.031626
-112.102586,901,12856.186182
-35.755503,901,12861.341406
-2111.163397,390,12866.75109
-36.438416,901,12872.975706
-50.789745,901,12879.064806
-29.887574,901,12884.755233
-497.022481,349,12886.854943
-5041.026446,901,12893.316909
-44.595934,901,12901.219366
-36.198142,901,12911.384634
-22521.454233,901,12920.287774
-61.204981,901,12925.808241
-4763.038987,901,12935.964736
-2182.268874,901,12942.744092
-29.283399,901,12948.038124
-1965.566706,901,12956.925014
-2910.406231,673,12962.204249
-51.468802,901,12967.353028
-4927.113346,901,12976.110935
-2641.097451,901,12985.889383
-10983.393665,901,12995.574067
-2062.589906,315,12998.761949
-14459.474447,874,13006.361442
-31.387611,901,13013.522274
-4280.802258,388,13017.513067
-2685.678032,445,13021.661449
-36.717524,901,13027.75309
-30.171817,901,13036.377843
-46.582465,901,13045.345622
-41.096241,901,13053.813658
-2063.778915,359,13058.36544
-34.771456,901,13064.52033
-2063.023644,901,13073.145325
-71.475933,901,13081.357772
-33.891111,901,13087.832055
-7774.875361,901,13097.786717
-33.536067,901,13102.95255
-1132.742801,901,13109.168257
-38.668785,901,13116.115742
-30344.93769,901,13124.662653
-2426.616739,901,13133.070799
-34.562021,901,13139.200359
-28.985328,901,13145.556589
-30.700322,901,13151.398935
-136.405277,901,13158.324874
-2742.474378,592,13163.231676
-70.894648,901,13169.870371
-2115.535594,417,13174.658006
-122.419842,901,13180.553097
-41.680221,901,13186.070123
-2230.50239,901,13197.657174
-583.434566,474,13202.910487
-25.109656,901,13210.440871
-35.233281,901,13225.761306
-4062.565316,901,13234.671284
-27.711655,901,13240.934492
-6268.1188,901,13249.192507
-47.554021,901,13256.101598
-41377.580305,591,13263.092428
-4069.203215,372,13267.000862
-9973.899918,901,13273.04283
-4167.15358,817,13279.298237
-29.94672,901,13285.709047
-6090.915895,901,13295.940991
-97.553678,901,13302.59561
-27.061222,901,13307.150597
-1308.570156,431,13311.46278
-11550.602125,558,13317.557417
-2025.19023,322,13320.519648
-49.060338,901,13327.809237
-48.838788,901,13335.644828
-41.472506,901,13342.834365
-56.659127,901,13347.968596
-2068.733708,352,13351.125723
-23.360679,901,13357.299714
-4142.016513,901,13364.629249
-7223.873096,901,13373.441783
-71.78955,901,13381.210355
-24.838725,901,13388.152365
-4455.717434,901,13396.61292
-31.549483,901,13402.332564
-27.119281,901,13407.988576
-78.340862,901,13412.443374
-32.878974,901,13419.554208
-690.117289,466,13423.29656
-56.966258,901,13428.537897
-4946.818038,901,13434.615494
-41.50596,901,13439.149462
77,901,13380.183224
-186.41768,901,13385.944719
-731.505221,901,13395.126844
-547.369813,308,13397.460265
-30.45539,901,13403.302334
-76.17556,901,13408.620114
-35.319233,901,13413.769439
-2082.325484,901,13420.853183
-49.076791,901,13426.063012
-32.998311,901,13431.955614
-68.122946,901,13437.389182
